{"var_name": "unnamed_motor", "var_unit": "index", "scan_num": 4, "beamtime_id": 1, "sample_id": -1, "sample_desc": "null", "extra": {"start_energy": -1}, "data_path": "/home/decker/data/20240727/0002/20240727_run0002_chan1.off", "point_extras": {}, "var_values": [0.0, 1.0, 2.0], "epoch_time_start_s": [1722095197.8821452, 1722095337.7440493, 1722095474.1423995], "epoch_time_end_s": [1722095317.9850402, 1722095457.849423, 1722095594.2453015], "_ended": true, "cal_number": 2, "calibration": false}