{"var_name": "unnamed_motor", "var_unit": "index", "scan_num": 5, "beamtime_id": 1, "sample_id": -1, "sample_desc": "null", "extra": {"start_energy": -1}, "data_path": "/home/decker/data/20240727/0002/20240727_run0002_chan1.off", "point_extras": {}, "var_values": [0.0, 1.0, 2.0, 3.0, 4.0, 5.0], "epoch_time_start_s": [1722097561.0505333, 1722097791.749015, 1722098001.071536, 1722098203.8426409, 1722098405.0815887, 1722098585.319229], "epoch_time_end_s": [1722097741.1574569, 1722097971.8293467, 1722098181.1763465, 1722098383.903295, 1722098585.178644, 1722098765.4209592], "_ended": true, "cal_number": 2, "calibration": false}