{"var_name": "unnamed_motor", "var_unit": "index", "scan_num": 3, "beamtime_id": 1, "sample_id": -1, "sample_desc": "null", "extra": {"start_energy": -1}, "data_path": "/home/decker/data/20240727/0002/20240727_run0002_chan1.off", "point_extras": {}, "var_values": [0.0, 1.0, 2.0, 3.0, 4.0, 5.0, 6.0, 7.0, 8.0, 9.0, 10.0, 11.0], "epoch_time_start_s": [1722089822.3630254, 1722090130.870872, 1722090443.7321937, 1722090754.7352898, 1722091065.2571664, 1722091375.233327, 1722091684.3460183, 1722091992.5001667, 1722092300.1414535, 1722092614.516087, 1722092922.4995806, 1722093230.5673063], "epoch_time_end_s": [1722090122.3731573, 1722090430.9689245, 1722090743.8372667, 1722091054.8369164, 1722091365.3690822, 1722091675.3369923, 1722091984.4449615, 1722092292.6010616, 1722092600.2432213, 1722092914.6169603, 1722093222.6009386, 1722093530.6325462], "_ended": true, "cal_number": 2, "calibration": false}