{"var_name": "unnamed_motor", "var_unit": "index", "scan_num": 0, "beamtime_id": 1, "sample_id": -1, "sample_desc": "null", "extra": {"start_energy": -1}, "data_path": "/home/decker/data/20240727/0000/20240727_run0000_chan1.off", "point_extras": {}, "var_values": [0.0, 1.0, 2.0, 3.0, 4.0], "epoch_time_start_s": [1722086441.6315923, 1722086442.7265942, 1722086443.7991319, 1722086444.8559394, 1722086445.9165504], "epoch_time_end_s": [1722086442.6472917, 1722086443.7894697, 1722086444.8454242, 1722086445.9012349, 1722086446.9814162], "_ended": true, "cal_number": -1, "calibration": false}