{"var_name": "unnamed_motor", "var_unit": "index", "scan_num": 1, "beamtime_id": 1, "sample_id": -1, "sample_desc": "null", "extra": {"start_energy": -1}, "data_path": "/home/decker/data/20240727/0001/20240727_run0001_chan1.off", "point_extras": {}, "var_values": [0.0, 1.0, 2.0, 3.0, 4.0, 5.0, 6.0, 7.0, 8.0, 9.0, 10.0, 11.0, 12.0, 13.0, 14.0, 15.0, 16.0, 17.0, 18.0, 19.0, 20.0, 21.0, 22.0, 23.0, 24.0, 25.0, 26.0, 27.0, 28.0, 29.0], "epoch_time_start_s": [1722086480.634724, 1722086481.72267, 1722086482.7892046, 1722086483.8536627, 1722086484.9233742, 1722086485.9812272, 1722086487.0457683, 1722086488.1156766, 1722086489.1869085, 1722086490.2538345, 1722086491.3230257, 1722086492.3544781, 1722086493.4199345, 1722086494.4747372, 1722086495.499198, 1722086496.5640948, 1722086497.6341846, 1722086498.7021224, 1722086499.771134, 1722086500.8382318, 1722086501.888494, 1722086502.9227395, 1722086503.9945607, 1722086505.0623555, 1722086506.130393, 1722086507.1922367, 1722086508.2591655, 1722086509.3129308, 1722086510.3365002, 1722086511.4060287], "epoch_time_end_s": [1722086481.6399612, 1722086482.7696068, 1722086483.837609, 1722086484.9018672, 1722086485.973484, 1722086487.0254953, 1722086488.0937495, 1722086489.1656795, 1722086490.2336824, 1722086491.3018377, 1722086492.3275726, 1722086493.4060133, 1722086494.4654639, 1722086495.4773684, 1722086496.5455751, 1722086497.6096795, 1722086498.6815343, 1722086499.749771, 1722086500.8177128, 1722086501.8437605, 1722086502.8912044, 1722086503.9697726, 1722086505.0418994, 1722086506.1096585, 1722086507.1354785, 1722086508.2378066, 1722086509.3054457, 1722086510.3159795, 1722086511.3807974, 1722086512.4537137], "_ended": true, "cal_number": -1, "calibration": false}